hash,from,to,value,gas,gasPrice,nonce,blockNumber,isContractCreation,inputLength,hasInput,functionSelector,gasUsed,status,logsCount,gasEfficiency,valueDensity,gasPrice_gwei,timestamp,is_malicious,threat_category,threat_reason
b5795e6a9777e730317c47d1132a75e1b1a407a6a67779e024cf99532fba7138,0xFd4504EC55fC861D053bDcA3FBde4Fc30be0b3Cb,0xFd4504EC55fC861D053bDcA3FBde4Fc30be0b3Cb,3.284224e-12,21000,1025001000,2684,61615671,0,0,0,,21000,1,0,1.0,1.5639161904761904e-16,1.025001,2025-10-25T14:25:45.545624,0,NORMAL,
e73ca263631bf6fc11ee87853d158f129a1a726886914423063c2301257f79ba,0xDb7C5e83Ecd08a88C66d5d8e9dC808a4a79C3003,0x317138c16C8c0ff682D6467F8480EFd565A11B3D,9.071224e-11,21000,1025001000,2651,61615703,0,0,0,,21000,1,0,1.0,4.3196304761904766e-15,1.025001,2025-10-25T14:26:02.186412,0,NORMAL,
e8c883f82dabc580c9968c8cf53870cd171eb6cbaa34ac303c9b6af363df37b1,0x0000000000000000000000000000000000000000,0xd100A01E00000000000000000000000000000000,0.0,10000000000,0,374361,61615713,0,1288,1,ebdf104c00,614115,1,1,6.14115e-05,0.0,0,2025-10-25T14:26:08.030211,0,NORMAL,
d6765da7f6107cf264e24c16b17b49c9b078b8b079ecb1bd2c51bcffefc7f290,0x0000000000000000000000000000000000000000,0xd100A01E00000000000000000000000000000000,0.0,10000000000,0,374362,61615713,0,328,1,e08d7e6600,251939,1,1,2.51939e-05,0.0,0,2025-10-25T14:26:08.478128,0,NORMAL,
ea36a6ba83ab615beb6ab2fbc0d2f4e526cd1187f57cece7888c5ba322a9dd3d,0x285e0B88b2758De8ea3a480BAc79aD1E52868a64,0x5B23458B41A008A1043Fe752a53F78a73d07AE61,9.139757e-12,21000,1025001000,2629,61615736,0,0,0,,21000,1,0,1.0,4.3522652380952385e-16,1.025001,2025-10-25T14:26:20.760130,0,NORMAL,
cfa329800d5e183125f4d68eec9195012620c1f5daacf847b764a7888c823411,0x12Dee4ac63a9e388866171908304809F11b89a47,0x5B23458B41A008A1043Fe752a53F78a73d07AE61,3.5325221e-11,21000,1025001000,2610,61615770,0,0,0,,21000,1,0,1.0,1.682153380952381e-15,1.025001,2025-10-25T14:26:38.895019,0,NORMAL,
b2fe3c5a534edbc7982792e0dce845771f43795efde8d6b4d6cdb5f501be16a3,0x5B23458B41A008A1043Fe752a53F78a73d07AE61,0x317138c16C8c0ff682D6467F8480EFd565A11B3D,6.5648567e-11,21000,1025001000,2732,61615831,0,0,0,,21000,1,0,1.0,3.1261222380952378e-15,1.025001,2025-10-25T14:27:11.137457,0,NORMAL,
ec917f18dfffcf2245f3f6cb31e3713673b0b27bc92d6c6c64f549b15a9f7d34,0xFd4504EC55fC861D053bDcA3FBde4Fc30be0b3Cb,0x5B23458B41A008A1043Fe752a53F78a73d07AE61,3.0238951e-11,21000,1025001000,2685,61615864,0,0,0,,21000,1,0,1.0,1.4399500476190476e-15,1.025001,2025-10-25T14:27:29.124289,0,NORMAL,
9e4fd60f77df824b98cbd1be036e4ececa70b667886ec9fb2289e0c0b3b31142,0xDb7C5e83Ecd08a88C66d5d8e9dC808a4a79C3003,0xFd4504EC55fC861D053bDcA3FBde4Fc30be0b3Cb,8.7359124e-11,21000,1025001000,2652,61615894,0,0,0,,21000,1,0,1.0,4.159958285714285e-15,1.025001,2025-10-25T14:27:45.050020,0,NORMAL,
d52c6d0a1a7ad1ea7fd0006b8e29ce543b32f8eeebb303f04a7ba0043bc563d2,0x285e0B88b2758De8ea3a480BAc79aD1E52868a64,0x5B23458B41A008A1043Fe752a53F78a73d07AE61,8.8434736e-11,21000,1025001000,2630,61615927,0,0,0,,21000,1,0,1.0,4.211177904761905e-15,1.025001,2025-10-25T14:28:02.528308,0,NORMAL,
ea0889d174862000d9ed157bdf81c3e13c72a2e632d9dfd28b85826977bdaa2c,0x12Dee4ac63a9e388866171908304809F11b89a47,0x317138c16C8c0ff682D6467F8480EFd565A11B3D,7.019608e-11,21000,1025001000,2611,61615961,0,0,0,,21000,1,0,1.0,3.342670476190476e-15,1.025001,2025-10-25T14:28:20.498824,0,NORMAL,
c8f803ed2f5ca90e5e133bc3e1caa0e1402f0794e5dcf23c1b14c253b5f62e72,0x5B23458B41A008A1043Fe752a53F78a73d07AE61,0x285e0B88b2758De8ea3a480BAc79aD1E52868a64,6.8263201e-11,21000,1025001000,2733,61616019,0,0,0,,21000,1,0,1.0,3.250628619047619e-15,1.025001,2025-10-25T14:28:50.843296,0,NORMAL,
58381dcd1ad8f6623c0af11d8338e8ba11d55479ae337500952ebce2d5c9df8f,0x0000000000000000000000000000000000000000,0xd100A01E00000000000000000000000000000000,0.0,10000000000,0,374363,61616031,0,1288,1,ebdf104c00,616684,1,1,6.16684e-05,0.0,0,2025-10-25T14:28:57.463494,0,NORMAL,
586d2bee9195d0c921e8e4bd3c9c7cc87c554d0ed940d15b50502bc844b906d1,0x0000000000000000000000000000000000000000,0xd100A01E00000000000000000000000000000000,0.0,10000000000,0,374364,61616031,0,328,1,e08d7e6600,251939,1,1,2.51939e-05,0.0,0,2025-10-25T14:28:57.948024,0,NORMAL,
837d7745220c0275f07d2db55d93445cde7f609d2bd4503feb58420eb6f2851d,0xFd4504EC55fC861D053bDcA3FBde4Fc30be0b3Cb,0x12Dee4ac63a9e388866171908304809F11b89a47,5.8761608e-11,21000,1025001000,2686,61616051,0,0,0,,21000,1,0,1.0,2.798171809523809e-15,1.025001,2025-10-25T14:29:08.688278,0,NORMAL,
886a7ce771d2ca8e8b549b3ee79e1a5a98bd7d37494afc17c96e5ac6c372b158,0xDb7C5e83Ecd08a88C66d5d8e9dC808a4a79C3003,0x5B23458B41A008A1043Fe752a53F78a73d07AE61,3.062548e-12,21000,1025001000,2653,61616079,0,0,0,,21000,1,0,1.0,1.4583561904761905e-16,1.025001,2025-10-25T14:29:23.692235,0,NORMAL,
bb8f23ccedd7924390e48463a9b81fe764327e173ab7f2cddddb3cd58474eb81,0x285e0B88b2758De8ea3a480BAc79aD1E52868a64,0x285e0B88b2758De8ea3a480BAc79aD1E52868a64,5.1022385e-11,21000,1025001000,2631,61616109,0,0,0,,21000,1,0,1.0,2.429637380952381e-15,1.025001,2025-10-25T14:29:39.687618,0,NORMAL,
34c12962a415a897c1c150e2d7250cf3de18fd5534fd82c33e527e2689250ea9,0x12Dee4ac63a9e388866171908304809F11b89a47,0x12Dee4ac63a9e388866171908304809F11b89a47,6.8227814e-11,21000,1025001000,2612,61616141,0,0,0,,21000,1,0,1.0,3.2489435238095237e-15,1.025001,2025-10-25T14:29:56.666578,0,NORMAL,
cc8fe05b7a454188e16912383d7e9af9f3e013f178bed87d1ef08df78e459845,0x5B23458B41A008A1043Fe752a53F78a73d07AE61,0x12Dee4ac63a9e388866171908304809F11b89a47,6.7780837e-11,21000,1025001000,2734,61616197,0,0,0,,21000,1,0,1.0,3.2276589047619047e-15,1.025001,2025-10-25T14:30:26.035843,0,NORMAL,
49074e38db4a595e7c5ccfa327cbcdd57b3dd36bc2c103e2e4725d40f6dff399,0xFd4504EC55fC861D053bDcA3FBde4Fc30be0b3Cb,0x12Dee4ac63a9e388866171908304809F11b89a47,2.4892615e-11,21000,1025001000,2687,61616231,0,0,0,,21000,1,0,1.0,1.1853626190476192e-15,1.025001,2025-10-25T14:30:44.083632,0,NORMAL,
28711972ac96d1645bff629b35f0a7447b1d7ff07969493b5e27ceaf13e8b52d,0xDb7C5e83Ecd08a88C66d5d8e9dC808a4a79C3003,0x317138c16C8c0ff682D6467F8480EFd565A11B3D,3.2822876e-11,21000,1025001000,2654,61616261,0,0,0,,21000,1,0,1.0,1.5629940952380954e-15,1.025001,2025-10-25T14:31:00.223292,0,NORMAL,
949ef6f3623ba065338c48bb60bee64898feae65f4f9696c3e73a6f762587503,0x285e0B88b2758De8ea3a480BAc79aD1E52868a64,0x285e0B88b2758De8ea3a480BAc79aD1E52868a64,1.1541093e-11,21000,1025001000,2632,61616294,0,0,0,,21000,1,0,1.0,5.495758571428571e-16,1.025001,2025-10-25T14:31:17.657553,0,NORMAL,
00a90baa6d9b6b5e177365bf7c1bf50dfdc5454adf43721a3e951c6f79f60a32,0x12Dee4ac63a9e388866171908304809F11b89a47,0x285e0B88b2758De8ea3a480BAc79aD1E52868a64,6.7377166e-11,21000,1025001000,2613,61616326,0,0,0,,21000,1,0,1.0,3.208436476190476e-15,1.025001,2025-10-25T14:31:34.662036,0,NORMAL,
341a7f02c0e939ecd0461db9b12bddc2bc03f3993281634e96ec510bada9a758,0x0000000000000000000000000000000000000000,0xd100A01E00000000000000000000000000000000,0.0,10000000000,0,374365,61616354,0,1288,1,ebdf104c00,616684,1,1,6.16684e-05,0.0,0,2025-10-25T14:31:49.638564,0,NORMAL,
fe92f078b3748f16910af5a8e4373a9a9cacceb60b528ede451c46ed13c5d227,0x0000000000000000000000000000000000000000,0xd100A01E00000000000000000000000000000000,0.0,10000000000,0,374366,61616354,0,328,1,e08d7e6600,251939,1,1,2.51939e-05,0.0,0,2025-10-25T14:31:50.106580,0,NORMAL,
f4b2495e5f92830f3ac64a4d4f71a154342c96a48ec3c64b404a884daacf8be7,0x5B23458B41A008A1043Fe752a53F78a73d07AE61,0x285e0B88b2758De8ea3a480BAc79aD1E52868a64,5.724939e-11,21000,1025001000,2735,61616388,0,0,0,,21000,1,0,1.0,2.7261614285714284e-15,1.025001,2025-10-25T14:32:08.112227,0,NORMAL,
aef99725bd2b1d26444e0bd38090066fab09cc3a6b547d15806b4072268ffd91,0xFd4504EC55fC861D053bDcA3FBde4Fc30be0b3Cb,0xDb7C5e83Ecd08a88C66d5d8e9dC808a4a79C3003,3.7216892e-11,21000,1025001000,2688,61616423,0,0,0,,21000,1,0,1.0,1.7722329523809523e-15,1.025001,2025-10-25T14:32:26.608761,0,NORMAL,
e8e96354e6f7a8e5a6205015323f0c285bb2e7ae6cbe5af58c3d08c4193898ba,0xDb7C5e83Ecd08a88C66d5d8e9dC808a4a79C3003,0xFd4504EC55fC861D053bDcA3FBde4Fc30be0b3Cb,4.6223266e-11,21000,1025001000,2655,61616450,0,0,0,,21000,1,0,1.0,2.2011079047619048e-15,1.025001,2025-10-25T14:32:40.939378,0,NORMAL,
82dc5bb064d57f590f8a0b121cfbef31709c2ac229d295f6034596748277e678,0x285e0B88b2758De8ea3a480BAc79aD1E52868a64,0xFd4504EC55fC861D053bDcA3FBde4Fc30be0b3Cb,9.3863889e-11,21000,1025001000,2633,61616483,0,0,0,,21000,1,0,1.0,4.469709e-15,1.025001,2025-10-25T14:32:58.413294,0,NORMAL,
034df7f30b01ada1f55ec592455c1e1fd2b0a2fc40afaf781b0dd4324d7b264e,0x770fd88B47cD7e59975d95e5D5CD45D7Af75647e,0xA2e80e65d1c308867D0222ac909fEE3669411311,10.0,1000000,1025001000,158754,61616507,0,0,0,,118900,1,0,0.1189,8.410428931875525e-05,1.025001,2025-10-25T14:33:11.245870,0,NORMAL,
42d30417b4e3864e1384ad6a8aff382f853106cc645bf1e85dd257a4aeb1633f,0x12Dee4ac63a9e388866171908304809F11b89a47,0x317138c16C8c0ff682D6467F8480EFd565A11B3D,4.212834e-12,21000,1025001000,2614,61616519,0,0,0,,21000,1,0,1.0,2.0061114285714286e-16,1.025001,2025-10-25T14:33:17.958770,0,NORMAL,
2da0400540cb2e949e952c25a9536406115f2af9b198a415023b8a8d18614502,0xA2e80e65d1c308867D0222ac909fEE3669411311,0xFC00FACE00000000000000000000000000000000,50.0,1000000,1025001000,341,61616527,0,72,1,9fa6dd3500,292660,1,2,0.29266,0.00017084671632611222,1.025001,2025-10-25T14:33:22.599189,0,NORMAL,
17a33952d68b8fa114b5a89e55c9343866b690e33ee16321de7c12d0be28003d,0x5B23458B41A008A1043Fe752a53F78a73d07AE61,0x285e0B88b2758De8ea3a480BAc79aD1E52868a64,3.6979928e-11,21000,1025001000,2736,61616580,0,0,0,,21000,1,0,1.0,1.7609489523809525e-15,1.025001,2025-10-25T14:33:51.347719,0,NORMAL,
ce02b5ef318101a06564f379957f59119ce6a598c3e709cc2506b8c8550e8fb2,0xFd4504EC55fC861D053bDcA3FBde4Fc30be0b3Cb,0x12Dee4ac63a9e388866171908304809F11b89a47,3.975261e-11,21000,1025001000,2689,61616614,0,0,0,,21000,1,0,1.0,1.8929814285714285e-15,1.025001,2025-10-25T14:34:09.641236,0,NORMAL,
5509405c589d380a947090aa7b6adf7334bf6f9b314a97f555c3f266d0d768e8,0xDb7C5e83Ecd08a88C66d5d8e9dC808a4a79C3003,0x12Dee4ac63a9e388866171908304809F11b89a47,1.92664e-12,21000,1025001000,2656,61616642,0,0,0,,21000,1,0,1.0,9.17447619047619e-17,1.025001,2025-10-25T14:34:26.422301,0,NORMAL,
64a335ce09b8b0eeb893106b1d2755c021931e7198877b27b78ece65987e129c,0x46620a26775a707D4CeCfC1e9E81646f7Ca3d69F,0x8B11c0bD7E42aA701d0D3bc04197654FA7Fc300D,10.0,1000000,1025001000,158592,61616646,0,0,0,,118900,1,0,0.1189,8.410428931875525e-05,1.025001,2025-10-25T14:34:28.895134,0,NORMAL,
80312e02dd8de9c24d65fb0b72298cc5ca4f5e618a2aa26dda87fa9fd2522d09,0x285e0B88b2758De8ea3a480BAc79aD1E52868a64,0xDb7C5e83Ecd08a88C66d5d8e9dC808a4a79C3003,6.9351401e-11,21000,1025001000,2634,61616672,0,0,0,,21000,1,0,1.0,3.3024476666666665e-15,1.025001,2025-10-25T14:34:42.596489,0,NORMAL,
da45bec51e8c08da3562a1e040b4fd01b847ae147153b85c5ce8020544f07130,0x0000000000000000000000000000000000000000,0xd100A01E00000000000000000000000000000000,0.0,10000000000,0,374367,61616680,0,1288,1,ebdf104c00,616684,1,1,6.16684e-05,0.0,0,2025-10-25T14:34:47.053184,0,NORMAL,
88c7c44ebee828f80ed16d76458fd04ffb9336a45303f43954fbc729ca9f67a3,0x0000000000000000000000000000000000000000,0xd100A01E00000000000000000000000000000000,0.0,10000000000,0,374368,61616680,0,328,1,e08d7e6600,251939,1,1,2.51939e-05,0.0,0,2025-10-25T14:34:47.506367,0,NORMAL,
93de2cf2c6b2fa5f16b6216dd3035cfe9b7e2db365e3b107edc36d6177cb7a04,0x12Dee4ac63a9e388866171908304809F11b89a47,0xDb7C5e83Ecd08a88C66d5d8e9dC808a4a79C3003,7.8203514e-11,21000,1025001000,2615,61616704,0,0,0,,21000,1,0,1.0,3.723976857142857e-15,1.025001,2025-10-25T14:34:59.994160,0,NORMAL,
5bae42f269b7cea1ef28b8de277ca23b2ea72ee3a0c7acd0eb5647661db8a019,0x5B23458B41A008A1043Fe752a53F78a73d07AE61,0x317138c16C8c0ff682D6467F8480EFd565A11B3D,3.2750969e-11,21000,1025001000,2737,61616767,0,0,0,,21000,1,0,1.0,1.5595699523809524e-15,1.025001,2025-10-25T14:35:32.485921,0,NORMAL,
8c8adc9c72d8d75e33be721a8bd4d9245ee7d23a7eb7d112fe076b063de18a0b,0xFd4504EC55fC861D053bDcA3FBde4Fc30be0b3Cb,0x5B23458B41A008A1043Fe752a53F78a73d07AE61,2.7104083e-11,21000,1025001000,2690,61616799,0,0,0,,21000,1,0,1.0,1.290670619047619e-15,1.025001,2025-10-25T14:35:49.054342,0,NORMAL,
d5be94e5383a3cb65e7f994052ba7ab12931a38debfe61e87400ee5a904c680e,0xDb7C5e83Ecd08a88C66d5d8e9dC808a4a79C3003,0x317138c16C8c0ff682D6467F8480EFd565A11B3D,2.6924334e-11,21000,1025001000,2657,61616829,0,0,0,,21000,1,0,1.0,1.2821111428571428e-15,1.025001,2025-10-25T14:36:04.672709,0,NORMAL,
63fed2d8a49131fd74ffab251a4a17cc04c0987fc329951443483187c6bc6d8e,0x285e0B88b2758De8ea3a480BAc79aD1E52868a64,0x317138c16C8c0ff682D6467F8480EFd565A11B3D,7.0665603e-11,21000,1025001000,2635,61616862,0,0,0,,21000,1,0,1.0,3.3650287142857145e-15,1.025001,2025-10-25T14:36:22.071493,0,NORMAL,
4a85ebf9dc77e70ed2ba79386a6de340ab0ef744c4637c6383bb5040930d0c6a,0x12Dee4ac63a9e388866171908304809F11b89a47,0x12Dee4ac63a9e388866171908304809F11b89a47,8.7489351e-11,21000,1025001000,2616,61616894,0,0,0,,21000,1,0,1.0,4.166159571428572e-15,1.025001,2025-10-25T14:36:38.954378,0,NORMAL,
0f0791a9c2fc7a3fb605eef3996b875df61e79c10eb02320c529c6bd6c856b22,0x5B23458B41A008A1043Fe752a53F78a73d07AE61,0x5B23458B41A008A1043Fe752a53F78a73d07AE61,9.08695e-12,21000,1025001000,2738,61616952,0,0,0,,21000,1,0,1.0,4.3271190476190476e-16,1.025001,2025-10-25T14:37:09.177270,0,NORMAL,
4ad19c5f5b5660bdf37bfeb4fa907d42997cecba79e816a9166043e9de864e93,0xFd4504EC55fC861D053bDcA3FBde4Fc30be0b3Cb,0x285e0B88b2758De8ea3a480BAc79aD1E52868a64,2.6628614e-11,21000,1025001000,2691,61616986,0,0,0,,21000,1,0,1.0,1.2680292380952381e-15,1.025001,2025-10-25T14:37:26.935788,0,NORMAL,
4691ee6bcd05d2969374aa5d63f96c33f9c2b42a2097241e3936d95f17857e4b,0x0000000000000000000000000000000000000000,0xd100A01E00000000000000000000000000000000,0.0,10000000000,0,374369,61616999,0,1288,1,ebdf104c00,616684,1,1,6.16684e-05,0.0,0,2025-10-25T14:37:34.062147,0,NORMAL,
49358599214f95603dbe175ce9437900c94cc22530c6a1cc8369f26424b1fe11,0x0000000000000000000000000000000000000000,0xd100A01E00000000000000000000000000000000,0.0,10000000000,0,374370,61616999,0,328,1,e08d7e6600,251939,1,1,2.51939e-05,0.0,0,2025-10-25T14:37:34.502922,0,NORMAL,
4a155d48bd990d1e6e9cd629c0538ff56bb1d938c82154f7dea6a2a99682cffb,0xDb7C5e83Ecd08a88C66d5d8e9dC808a4a79C3003,0x285e0B88b2758De8ea3a480BAc79aD1E52868a64,2.841668e-12,21000,1025001000,2658,61617015,0,0,0,,21000,1,0,1.0,1.3531752380952382e-16,1.025001,2025-10-25T14:37:43.159810,0,NORMAL,
fe2bbe69326ed3cc0e3f1af569359df307223711dd4fd0ebceb47badb62d4fca,0x285e0B88b2758De8ea3a480BAc79aD1E52868a64,0x317138c16C8c0ff682D6467F8480EFd565A11B3D,5.103815e-12,21000,1025001000,2636,61617046,0,0,0,,21000,1,0,1.0,2.430388095238095e-16,1.025001,2025-10-25T14:37:59.534509,0,NORMAL,
c107f8fbf2b363eda74c26ad21f0632015da100e80ec9c74cc4d19cc638b1cae,0x12Dee4ac63a9e388866171908304809F11b89a47,0x285e0B88b2758De8ea3a480BAc79aD1E52868a64,6.192045e-12,21000,1025001000,2617,61617075,0,0,0,,21000,1,0,1.0,2.9485928571428575e-16,1.025001,2025-10-25T14:38:14.913201,0,NORMAL,
84df6e56e8b467e78239a0c6f94c6c0dcf910f7e7883e16cb5fbbbbe30f3f4c9,0x5B23458B41A008A1043Fe752a53F78a73d07AE61,0x285e0B88b2758De8ea3a480BAc79aD1E52868a64,5.6076455e-11,21000,1025001000,2739,61617133,0,0,0,,21000,1,0,1.0,2.670307380952381e-15,1.025001,2025-10-25T14:38:45.252885,0,NORMAL,
8963aaccc855569ff0ef689569c74988b53e768e0fac8dae0ec31be14293da3e,0xFd4504EC55fC861D053bDcA3FBde4Fc30be0b3Cb,0x317138c16C8c0ff682D6467F8480EFd565A11B3D,8.2703376e-11,21000,1025001000,2692,61617163,0,0,0,,21000,1,0,1.0,3.938256e-15,1.025001,2025-10-25T14:39:01.058004,0,NORMAL,
d069cc598ab67ed04a50ba617631253850daca48ab9b6a4217643d98cf5f19eb,0xDb7C5e83Ecd08a88C66d5d8e9dC808a4a79C3003,0xFd4504EC55fC861D053bDcA3FBde4Fc30be0b3Cb,3.222511e-11,21000,1025001000,2659,61617190,0,0,0,,21000,1,0,1.0,1.5345290476190477e-15,1.025001,2025-10-25T14:39:15.453394,0,NORMAL,
c0264c69c1d28daf088c3ec45df3a0addab17c0b8981dc046a7ad232855ff4c7,0x285e0B88b2758De8ea3a480BAc79aD1E52868a64,0xFd4504EC55fC861D053bDcA3FBde4Fc30be0b3Cb,3.6411233e-11,21000,1025001000,2637,61617223,0,0,0,,21000,1,0,1.0,1.7338682380952382e-15,1.025001,2025-10-25T14:39:32.768388,0,NORMAL,
18981801fcca807b804a9525fd5c2be490a0ee66ab37cec5c8353311d6cd6f39,0x12Dee4ac63a9e388866171908304809F11b89a47,0x12Dee4ac63a9e388866171908304809F11b89a47,3.4922998e-11,21000,1025001000,2618,61617256,0,0,0,,21000,1,0,1.0,1.6629999047619046e-15,1.025001,2025-10-25T14:39:50.116467,0,NORMAL,
d1a60fd9ffc42b5be97f1fecb02eb1919f39e71fd6483a11b4df8ccb0db67cb2,0xfe89f390C1cf3D6b83171D41bEEF4A3E3A763fAE,0x58072BFDD183d4B5E9e52CaCBdFc460386DFf784,29.438817304758814,21000,101000000000,83,61617309,0,0,0,,21000,1,0,1.0,0.001401848443083753,101,2025-10-25T14:40:17.805221,1,FRONT_RUNNING,High gas price with value
1f9704225d23e5dcc5b77b2cd7280bc0a9153bd30d9bfb618ac67027df6cb12d,0x5B23458B41A008A1043Fe752a53F78a73d07AE61,0x12Dee4ac63a9e388866171908304809F11b89a47,7.807951e-11,21000,1025001000,2740,61617316,0,0,0,,21000,1,0,1.0,3.718071904761905e-15,1.025001,2025-10-25T14:40:21.808568,0,NORMAL,
d516b003fb91c27580d2ec070e05eaa6d672802ea3e606f78e9d8705014322bc,0x0000000000000000000000000000000000000000,0xd100A01E00000000000000000000000000000000,0.0,10000000000,0,374371,61617320,0,1288,1,ebdf104c00,616684,1,1,6.16684e-05,0.0,0,2025-10-25T14:40:24.383977,0,NORMAL,
9b1e3ffb91c1b749a24b1703031211111d050934e9fae9d78aab1a54658504b4,0x0000000000000000000000000000000000000000,0xd100A01E00000000000000000000000000000000,0.0,10000000000,0,374372,61617320,0,328,1,e08d7e6600,251939,1,1,2.51939e-05,0.0,0,2025-10-25T14:40:24.841672,0,NORMAL,
da9b333d04a6fb1b1d931be95c859de903d0e551caa832c9f9e0940d24536013,0x58072BFDD183d4B5E9e52CaCBdFc460386DFf784,0x9Dfb525D1448031ab48c4F404b330d781C0B8854,0.0,347795,20000000000,16,61617321,0,392,1,d58efe084b,279161,1,1,0.8026596127028853,0.0,20,2025-10-25T14:40:25.818424,0,NORMAL,
7be7208b4c4615871818f21017079e42957d71f868c7688c33f0e363fd54e723,0xFd4504EC55fC861D053bDcA3FBde4Fc30be0b3Cb,0xDb7C5e83Ecd08a88C66d5d8e9dC808a4a79C3003,8.1460414e-11,21000,1025001000,2693,61617351,0,0,0,,21000,1,0,1.0,3.879067333333333e-15,1.025001,2025-10-25T14:40:41.977670,0,NORMAL,
c219d135fc97e5f669c588e261cfae22679d5aec9b42b5299deb7c4706b40bc3,0xDb7C5e83Ecd08a88C66d5d8e9dC808a4a79C3003,0x317138c16C8c0ff682D6467F8480EFd565A11B3D,1.596192e-12,21000,1025001000,2660,61617380,0,0,0,,21000,1,0,1.0,7.600914285714285e-17,1.025001,2025-10-25T14:40:57.235492,0,NORMAL,
45a8285e27eb0ae5b8fcd9be6193f32316446b282ea02d6beb01b7ad3959a51d,0x285e0B88b2758De8ea3a480BAc79aD1E52868a64,0x5B23458B41A008A1043Fe752a53F78a73d07AE61,4.1084786e-11,21000,1025001000,2638,61617410,0,0,0,,21000,1,0,1.0,1.956418380952381e-15,1.025001,2025-10-25T14:41:13.147278,0,NORMAL,
6a85e11ee8225c6115aea66214097ba6b509ecec16ee52362df79d6671943923,0x12Dee4ac63a9e388866171908304809F11b89a47,0x285e0B88b2758De8ea3a480BAc79aD1E52868a64,2.9720835e-11,21000,1025001000,2619,61617443,0,0,0,,21000,1,0,1.0,1.415277857142857e-15,1.025001,2025-10-25T14:41:30.541610,0,NORMAL,
e01e8724790ce749ca2b4c60022a83192e9906d20e559b93b1b2f4902c30fab7,0x5B23458B41A008A1043Fe752a53F78a73d07AE61,0xFd4504EC55fC861D053bDcA3FBde4Fc30be0b3Cb,6.5215553e-11,21000,1025001000,2741,61617501,0,0,0,,21000,1,0,1.0,3.1055025238095237e-15,1.025001,2025-10-25T14:42:00.909626,0,NORMAL,
75d370bdc564696f29659164af8cc39b27ef2ede21c1fd12b745cab8fd194853,0xFd4504EC55fC861D053bDcA3FBde4Fc30be0b3Cb,0x5B23458B41A008A1043Fe752a53F78a73d07AE61,9.81422e-11,21000,1025001000,2694,61617535,0,0,0,,21000,1,0,1.0,4.6734380952380956e-15,1.025001,2025-10-25T14:42:18.799219,0,NORMAL,
0dea2e0f050b3bc9c5fa0cfa325d91b694433cc31a42a594ccea30f6124a6fb0,0xDb7C5e83Ecd08a88C66d5d8e9dC808a4a79C3003,0x285e0B88b2758De8ea3a480BAc79aD1E52868a64,9.9272836e-11,21000,1025001000,2661,61617564,0,0,0,,21000,1,0,1.0,4.727277904761905e-15,1.025001,2025-10-25T14:42:34.151542,0,NORMAL,
93c3c879efb4c777963931daff3951adacba773465448ecab0f2f509bb2b7e3c,0x285e0B88b2758De8ea3a480BAc79aD1E52868a64,0xFd4504EC55fC861D053bDcA3FBde4Fc30be0b3Cb,1.4506407e-11,21000,1025001000,2639,61617595,0,0,0,,21000,1,0,1.0,6.907812857142858e-16,1.025001,2025-10-25T14:42:51.880289,0,NORMAL,
75d85ba97c0567853d50a6d0ba3a5bd48b3477b5a13d223b4306bb53656bd158,0x12Dee4ac63a9e388866171908304809F11b89a47,0x285e0B88b2758De8ea3a480BAc79aD1E52868a64,7.2815954e-11,21000,1025001000,2620,61617627,0,0,0,,21000,1,0,1.0,3.467426380952381e-15,1.025001,2025-10-25T14:43:09.242352,0,NORMAL,
693abe6aa12184d7d2dbc61ea986a6984b86bc7a33c14d696f3b36056a15245a,0x0000000000000000000000000000000000000000,0xd100A01E00000000000000000000000000000000,0.0,10000000000,0,374373,61617640,0,1288,1,ebdf104c00,616684,1,1,6.16684e-05,0.0,0,2025-10-25T14:43:16.401687,0,NORMAL,
959817fdc6696590b06154193c1c4f1c62f3eef1e7e388935031034d5aca9604,0x0000000000000000000000000000000000000000,0xd100A01E00000000000000000000000000000000,0.0,10000000000,0,374374,61617640,0,328,1,e08d7e6600,251939,1,1,2.51939e-05,0.0,0,2025-10-25T14:43:16.875115,0,NORMAL,
ccb0ce7f398431b964d0a9629b22f028fb75c5a105be7a857a5760cf3b8b7352,0x5B23458B41A008A1043Fe752a53F78a73d07AE61,0xDb7C5e83Ecd08a88C66d5d8e9dC808a4a79C3003,8.912886e-12,21000,1025001000,2742,61617682,0,0,0,,21000,1,0,1.0,4.2442314285714285e-16,1.025001,2025-10-25T14:43:39.028933,0,NORMAL,
9ab1d8005d0aca14bf1e74572d2f53aa47fd354c34d810a42c4361445f50e808,0xFd4504EC55fC861D053bDcA3FBde4Fc30be0b3Cb,0x317138c16C8c0ff682D6467F8480EFd565A11B3D,3.505913e-11,21000,1025001000,2695,61617714,0,0,0,,21000,1,0,1.0,1.669482380952381e-15,1.025001,2025-10-25T14:43:56.090657,0,NORMAL,
73875ecaae492ff22934668b41cf646d71bd19d28569abccd512a7b826dc46f5,0xDb7C5e83Ecd08a88C66d5d8e9dC808a4a79C3003,0xDb7C5e83Ecd08a88C66d5d8e9dC808a4a79C3003,6.1044346e-11,21000,1025001000,2662,61617742,0,0,0,,21000,1,0,1.0,2.9068736190476193e-15,1.025001,2025-10-25T14:44:11.162166,0,NORMAL,
c0a7a69459aae9b881a38c82587c49e489e55c84c6fb4afd57389acb8d2f6392,0x285e0B88b2758De8ea3a480BAc79aD1E52868a64,0x12Dee4ac63a9e388866171908304809F11b89a47,1.5723403e-11,21000,1025001000,2640,61617777,0,0,0,,21000,1,0,1.0,7.487334761904763e-16,1.025001,2025-10-25T14:44:29.984618,0,NORMAL,
a07dd618bb6c580dce55ef1f8d8f2e18c38d8631b0b8984cdb54bc7d2f101510,0x12Dee4ac63a9e388866171908304809F11b89a47,0x5B23458B41A008A1043Fe752a53F78a73d07AE61,4.8337512e-11,21000,1025001000,2621,61617810,0,0,0,,21000,1,0,1.0,2.3017862857142857e-15,1.025001,2025-10-25T14:44:47.745523,0,NORMAL,
b5263af1d9746a77332c06e4dfe1692973fdc9b2c4d43f024812274e61ac7491,0x5B23458B41A008A1043Fe752a53F78a73d07AE61,0xDb7C5e83Ecd08a88C66d5d8e9dC808a4a79C3003,2.241535e-12,21000,1025001000,2743,61617868,0,0,0,,21000,1,0,1.0,1.0673976190476191e-16,1.025001,2025-10-25T14:45:18.865533,0,NORMAL,
886fc31e92e5abc8b859bd085ab03686df1e4795718b7e25cf55f70f8b43f4c9,0xFd4504EC55fC861D053bDcA3FBde4Fc30be0b3Cb,0x317138c16C8c0ff682D6467F8480EFd565A11B3D,5.5509785e-11,21000,1025001000,2696,61617903,0,0,0,,21000,1,0,1.0,2.6433230952380955e-15,1.025001,2025-10-25T14:45:38.023721,0,NORMAL,
6ea899c2a9692f17b8ea37cb0fd8842133ff9a3ddcbc6e6f804a3387997adec9,0xDb7C5e83Ecd08a88C66d5d8e9dC808a4a79C3003,0x285e0B88b2758De8ea3a480BAc79aD1E52868a64,8.8117745e-11,21000,1025001000,2663,61617934,0,0,0,,21000,1,0,1.0,4.196083095238095e-15,1.025001,2025-10-25T14:45:54.713828,0,NORMAL,
e3eb1cc972a62b731fab5c3a79fedc0d44a514149451e94eb4939623c303c563,0x0000000000000000000000000000000000000000,0xd100A01E00000000000000000000000000000000,0.0,10000000000,0,374375,61617960,0,1288,1,ebdf104c00,614115,1,1,6.14115e-05,0.0,0,2025-10-25T14:46:08.737677,0,NORMAL,
d5c0a797991306aa336814656de4d6419f55017af453c9973c1cccc7096b427a,0x0000000000000000000000000000000000000000,0xd100A01E00000000000000000000000000000000,0.0,10000000000,0,374376,61617960,0,328,1,e08d7e6600,251939,1,1,2.51939e-05,0.0,0,2025-10-25T14:46:09.222207,0,NORMAL,
994bbf181ee17c66b1e7ff30168cacd980610a06e3a374e8a961ff42f5dc0b68,0x285e0B88b2758De8ea3a480BAc79aD1E52868a64,0x317138c16C8c0ff682D6467F8480EFd565A11B3D,8.5428572e-11,21000,1025001000,2641,61617964,0,0,0,,21000,1,0,1.0,4.068027238095238e-15,1.025001,2025-10-25T14:46:11.778546,0,NORMAL,
6aa63374b9ce49caf9d57303a44e49ce74768133040029a063f80374ddb40543,0x12Dee4ac63a9e388866171908304809F11b89a47,0x5B23458B41A008A1043Fe752a53F78a73d07AE61,6.9662565e-11,21000,1025001000,2622,61617995,0,0,0,,21000,1,0,1.0,3.3172649999999997e-15,1.025001,2025-10-25T14:46:28.550210,0,NORMAL,
d7790b7cd1a225a10ebd29a7c724b872c9db8175a7eb20eec7ca9ade797933c5,0x2743eEC46576f76f47334569074242F3D9a90B44,0xe49b4d147Fae10dC9AF10cCfCC234AaeA6B70F4D,0.0,423260,1025001000,48879,61618011,0,904,1,b1ff923f00,344911,1,2,0.8148915560175779,0.0,1.025001,2025-10-25T14:46:37.506695,0,NORMAL,
eb5edc633f7b8c9076b74b38f6ae498a4fc507f22034cb6a8f78fd9b909c8c6a,0xB6F6e5B43943439c9f861b5ed4B2C2b86Bd28A8E,0xC63BF73F818932e2f52D788215D6afC4050050c8,10.0,1000000,1025001000,158469,61618029,0,0,0,,118900,1,0,0.1189,8.410428931875525e-05,1.025001,2025-10-25T14:46:47.457932,0,NORMAL,
7324409c70687da0168971e5ef1038547e6dd924baca75384515388f29b4573b,0x5B23458B41A008A1043Fe752a53F78a73d07AE61,0x12Dee4ac63a9e388866171908304809F11b89a47,6.4667332e-11,21000,1025001000,2744,61618056,0,0,0,,21000,1,0,1.0,3.0793967619047623e-15,1.025001,2025-10-25T14:47:01.847950,0,NORMAL,
779ff489d5cc5f2e809554479a6804b33e106fe25a573d254691bfebdd7e5261,0xFd4504EC55fC861D053bDcA3FBde4Fc30be0b3Cb,0x317138c16C8c0ff682D6467F8480EFd565A11B3D,5.2020955e-11,21000,1025001000,2697,61618090,0,0,0,,21000,1,0,1.0,2.477188333333333e-15,1.025001,2025-10-25T14:47:19.870935,0,NORMAL,
266b8de06693d59875bea4be249469d47d8c7443dfbff1190d98f641aeacced0,0xDb7C5e83Ecd08a88C66d5d8e9dC808a4a79C3003,0xDb7C5e83Ecd08a88C66d5d8e9dC808a4a79C3003,4.0534122e-11,21000,1025001000,2664,61618118,0,0,0,,21000,1,0,1.0,1.930196285714286e-15,1.025001,2025-10-25T14:47:35.923297,0,NORMAL,
bf6384b0705deb72a8ca6f0860dea409bbcc010e82bc7cb6c887825370d917e1,0x285e0B88b2758De8ea3a480BAc79aD1E52868a64,0xDb7C5e83Ecd08a88C66d5d8e9dC808a4a79C3003,6.5550265e-11,21000,1025001000,2642,61618147,0,0,0,,21000,1,0,1.0,3.1214411904761906e-15,1.025001,2025-10-25T14:47:51.534376,0,NORMAL,
c1f6a7f7435e440591c4e6e3b0827de6cfd329d2ae57a7c58f30e6ad1651d05a,0x12Dee4ac63a9e388866171908304809F11b89a47,0x317138c16C8c0ff682D6467F8480EFd565A11B3D,5.3439397e-11,21000,1025001000,2623,61618177,0,0,0,,21000,1,0,1.0,2.5447331904761904e-15,1.025001,2025-10-25T14:48:07.882680,0,NORMAL,
2652db7ea5ed5fad0ca0bb15adf598ca073fb80ef2052b959c5688567a3b06cc,0x5B23458B41A008A1043Fe752a53F78a73d07AE61,0x5B23458B41A008A1043Fe752a53F78a73d07AE61,2.348217e-11,21000,1025001000,2745,61618234,0,0,0,,21000,1,0,1.0,1.1181985714285715e-15,1.025001,2025-10-25T14:48:38.019184,0,NORMAL,
af053667add4b0f4baf25c2eccbdc605203cddab872e08674e159d50c7ad6716,0x2743eEC46576f76f47334569074242F3D9a90B44,0xe49b4d147Fae10dC9AF10cCfCC234AaeA6B70F4D,0.0,429822,1025001000,48880,61618252,0,1224,1,fdb3bc0700,350513,1,3,0.8154840841092359,0.0,1.025001,2025-10-25T14:48:47.928606,0,NORMAL,
451616923a5ac767f67524dd1480d98dfde6e3ad9f0d52b76a6853bf7f795968,0xFd4504EC55fC861D053bDcA3FBde4Fc30be0b3Cb,0x317138c16C8c0ff682D6467F8480EFd565A11B3D,7.2349621e-11,21000,1025001000,2698,61618267,0,0,0,,21000,1,0,1.0,3.4452200476190474e-15,1.025001,2025-10-25T14:48:56.117375,0,NORMAL,
087c15e815853c45bee17c22aad3c6d877067e4c65ee36e2951c67a5ea35bcd3,0x2743eEC46576f76f47334569074242F3D9a90B44,0x2e7A23BC30Bdc56860455b717Fe4975aab4BeE35,0.0,300000,20000000000,48881,61618281,0,392,1,6cf6a3fa00,64319,1,1,0.21439666666666668,0.0,20,2025-10-25T14:49:03.843393,0,NORMAL,
6e239c03cc27e26d645115876a78b96b50c079b5f6908d705eff5a834613b426,0x0000000000000000000000000000000000000000,0xd100A01E00000000000000000000000000000000,0.0,10000000000,0,374377,61618283,0,1288,1,ebdf104c00,616684,1,1,6.16684e-05,0.0,0,2025-10-25T14:49:05.358428,0,NORMAL,
70c94fa1ee0abb8d1c50632505878c390505422a0303935aff0ea0c1bcc9ad4f,0x0000000000000000000000000000000000000000,0xd100A01E00000000000000000000000000000000,0.0,10000000000,0,374378,61618283,0,328,1,e08d7e6600,251939,1,1,2.51939e-05,0.0,0,2025-10-25T14:49:05.829818,0,NORMAL,
3b843569f6f7f678b4f5f942d31fe5a7ef855f8dff143af6b0c1a334d0ea19fa,0xDb7C5e83Ecd08a88C66d5d8e9dC808a4a79C3003,0x317138c16C8c0ff682D6467F8480EFd565A11B3D,4.8858968e-11,21000,1025001000,2665,61618294,0,0,0,,21000,1,0,1.0,2.3266175238095237e-15,1.025001,2025-10-25T14:49:11.971343,0,NORMAL,
e0051b3f6fce01b5b95da634c2b5a89a4d551e6f416121437107d1d59183e6aa,0x285e0B88b2758De8ea3a480BAc79aD1E52868a64,0x285e0B88b2758De8ea3a480BAc79aD1E52868a64,8.3107794e-11,21000,1025001000,2643,61618328,0,0,0,,21000,1,0,1.0,3.957514e-15,1.025001,2025-10-25T14:49:30.150242,0,NORMAL,
b1f0be879d6765ed2ee31266e12e064c7d90bb739aa5bdb26303eb4f3bdf8739,0x12Dee4ac63a9e388866171908304809F11b89a47,0x317138c16C8c0ff682D6467F8480EFd565A11B3D,4.830317e-12,21000,1025001000,2624,61618360,0,0,0,,21000,1,0,1.0,2.300150952380952e-16,1.025001,2025-10-25T14:49:47.356266,0,NORMAL,
f7bfd2ef4a0e8157e09dfd14bcbd5926691838a088ff4dd5fc97c20f19dbef0a,0x2743eEC46576f76f47334569074242F3D9a90B44,0xc18619B0b6e1Df7Be27215690e61772aebc4a232,0.0,518412,1025001000,48882,61618361,0,840,1,6c39cfbe00,412104,1,3,0.794935302423555,0.0,1.025001,2025-10-25T14:49:48.354151,0,NORMAL,
cd552c94ab2cc5b84b4c7ec84c469d42986c76416c70dcece4e39ad040e83440,0x2743eEC46576f76f47334569074242F3D9a90B44,0xc18619B0b6e1Df7Be27215690e61772aebc4a232,0.0,300000,20000000000,48883,61618362,0,136,1,2f2ff15d1f,147484,1,2,0.49161333333333335,0.0,20,2025-10-25T14:49:49.343817,0,NORMAL,
ed57e9fd54c211273d3272b141a8acdcef4a25a46e9b1e9bdd4a3d9b053c8ca0,0x2743eEC46576f76f47334569074242F3D9a90B44,0xc18619B0b6e1Df7Be27215690e61772aebc4a232,0.0,300000,20000000000,48884,61618363,0,136,1,2f2ff15da5,147484,1,2,0.49161333333333335,0.0,20,2025-10-25T14:49:50.319777,0,NORMAL,
52b64ce61678bcf6142413d705859f15f4985000659d9402f0654a39a3cdd157,0x2743eEC46576f76f47334569074242F3D9a90B44,0xc18619B0b6e1Df7Be27215690e61772aebc4a232,0.0,452790,20000000000,48885,61618377,0,584,1,68456dfb00,361700,1,1,0.7988250623909539,0.0,20,2025-10-25T14:49:58.027123,0,NORMAL,
6f65a50e428d8d204a7850a04edf72fe7b1281471e5b064adb862ef80781df58,0x2743eEC46576f76f47334569074242F3D9a90B44,0xc18619B0b6e1Df7Be27215690e61772aebc4a232,0.0,410136,20000000000,48886,61618383,0,584,1,68456dfb00,326665,1,1,0.79647970429321,0.0,20,2025-10-25T14:50:01.661397,0,NORMAL,
df764c75d5cc56f000ba8c8bd3fa450ef9d4cac47ce17c7411acee4042f6d3ef,0x5B23458B41A008A1043Fe752a53F78a73d07AE61,0x317138c16C8c0ff682D6467F8480EFd565A11B3D,8.329197e-12,21000,1025001000,2746,61618423,0,0,0,,21000,1,0,1.0,3.966284285714286e-16,1.025001,2025-10-25T14:50:22.878823,0,NORMAL,
23e84771972c0dbd30e51f11d60f34645d999b8971c631affd377c9bcc4da57e,0xFd4504EC55fC861D053bDcA3FBde4Fc30be0b3Cb,0x317138c16C8c0ff682D6467F8480EFd565A11B3D,9.7386029e-11,21000,1025001000,2699,61618456,0,0,0,,21000,1,0,1.0,4.637429952380953e-15,1.025001,2025-10-25T14:50:40.588743,0,NORMAL,
8448197bfc0cb50241d8d3019d26e1637a96fbc27034a994a39c4ab20d44d1ed,0xDb7C5e83Ecd08a88C66d5d8e9dC808a4a79C3003,0x317138c16C8c0ff682D6467F8480EFd565A11B3D,9.6027228e-11,21000,1025001000,2666,61618487,0,0,0,,21000,1,0,1.0,4.5727251428571435e-15,1.025001,2025-10-25T14:50:57.244592,0,NORMAL,
00d0b7cd6073d2c2be1c38eceda5fc45dbc9ff7bbdaf34e1c601fd6ef9028cd3,0x2743eEC46576f76f47334569074242F3D9a90B44,0xc18619B0b6e1Df7Be27215690e61772aebc4a232,0.0,518412,1025001000,48887,61618511,0,840,1,6c39cfbe00,412126,1,3,0.7949777397128153,0.0,1.025001,2025-10-25T14:51:10.447581,0,NORMAL,
c777eacbb5ee3c7058dae04d243775304b0ca2fd863c3e250dfdf34ffa4e15b9,0x2743eEC46576f76f47334569074242F3D9a90B44,0xc18619B0b6e1Df7Be27215690e61772aebc4a232,0.0,300000,20000000000,48888,61618512,0,136,1,2f2ff15d6f,147484,1,2,0.49161333333333335,0.0,20,2025-10-25T14:51:11.532419,0,NORMAL,
3491c644174e8e1a823991ca8017cc4638e112a0c9ff23c44f2d76eab86e52f9,0x2743eEC46576f76f47334569074242F3D9a90B44,0xc18619B0b6e1Df7Be27215690e61772aebc4a232,0.0,300000,20000000000,48889,61618513,0,136,1,2f2ff15dd5,147484,1,2,0.49161333333333335,0.0,20,2025-10-25T14:51:12.566577,0,NORMAL,
7a5d5f7379c339310252de945183d2fbb12fa899724145d02b670e1482af2501,0x285e0B88b2758De8ea3a480BAc79aD1E52868a64,0x285e0B88b2758De8ea3a480BAc79aD1E52868a64,9.2804877e-11,21000,1025001000,2644,61618521,0,0,0,,21000,1,0,1.0,4.419279857142857e-15,1.025001,2025-10-25T14:51:17.203278,0,NORMAL,
e7e7e1397e43252e446f70b04c3c64763cece93b01c48c160b9fdda14b41f555,0x2743eEC46576f76f47334569074242F3D9a90B44,0xc18619B0b6e1Df7Be27215690e61772aebc4a232,0.0,452790,20000000000,48890,61618523,0,584,1,68456dfb00,361700,1,1,0.7988250623909539,0.0,20,2025-10-25T14:51:18.722082,0,NORMAL,
f0ce8fa4461bc4d53855e03bd4e43c8f5386fea24d47677682fda2f78da7278c,0x12Dee4ac63a9e388866171908304809F11b89a47,0xDb7C5e83Ecd08a88C66d5d8e9dC808a4a79C3003,9.9542012e-11,21000,1025001000,2625,61618555,0,0,0,,21000,1,0,1.0,4.7400958095238095e-15,1.025001,2025-10-25T14:51:38.073356,0,NORMAL,
fd7e952f265f28d73ab8a47bdda2d7e5e3ea1e7ca1c175080f5a5857cb80c560,0x0000000000000000000000000000000000000000,0xd100A01E00000000000000000000000000000000,0.0,10000000000,0,374379,61618610,0,1288,1,ebdf104c00,616684,1,1,6.16684e-05,0.0,0,2025-10-25T14:52:07.126162,0,NORMAL,
a9c286d2d82626027ed1832b7f5145d8ed4a88cf989f93422c49aba4b713b1eb,0x0000000000000000000000000000000000000000,0xd100A01E00000000000000000000000000000000,0.0,10000000000,0,374380,61618610,0,328,1,e08d7e6600,251939,1,1,2.51939e-05,0.0,0,2025-10-25T14:52:08.142486,0,NORMAL,
ebe426a1a66c6ac30165c5222b16c45f527cfc667dbe36c7338396cfedac6053,0x5B23458B41A008A1043Fe752a53F78a73d07AE61,0xFd4504EC55fC861D053bDcA3FBde4Fc30be0b3Cb,3.4416062e-11,21000,1025001000,2747,61618614,0,0,0,,21000,1,0,1.0,1.6388600952380951e-15,1.025001,2025-10-25T14:52:10.675570,0,NORMAL,
006673cc4f24e3d0027d96102efb07dc82609e6a9dea450969cd62601c481587,0xFd4504EC55fC861D053bDcA3FBde4Fc30be0b3Cb,0xFd4504EC55fC861D053bDcA3FBde4Fc30be0b3Cb,2.5783204e-11,21000,1025001000,2700,61618647,0,0,0,,21000,1,0,1.0,1.227771619047619e-15,1.025001,2025-10-25T14:52:28.953495,0,NORMAL,
580de5ec8dcab0125c7dd77ba16a8408acc9bccbaa05dae2f1827b63e8063de5,0xDb7C5e83Ecd08a88C66d5d8e9dC808a4a79C3003,0x12Dee4ac63a9e388866171908304809F11b89a47,4.5318069e-11,21000,1025001000,2667,61618672,0,0,0,,21000,1,0,1.0,2.1580032857142857e-15,1.025001,2025-10-25T14:52:42.323617,0,NORMAL,
691689996d849b0627824195e6a678d307758eaef0ba694cd6d91f148b8704a4,0x285e0B88b2758De8ea3a480BAc79aD1E52868a64,0x5B23458B41A008A1043Fe752a53F78a73d07AE61,9.517282e-12,21000,1025001000,2645,61618706,0,0,0,,21000,1,0,1.0,4.532039047619048e-16,1.025001,2025-10-25T14:53:00.385717,0,NORMAL,
8dd4de9e5f29954bf671e1982d62ef80c7490d1f7d3475b066d6c0a9a7aa0612,0x12Dee4ac63a9e388866171908304809F11b89a47,0x317138c16C8c0ff682D6467F8480EFd565A11B3D,8.1022729e-11,21000,1025001000,2626,61618737,0,0,0,,21000,1,0,1.0,3.858225190476191e-15,1.025001,2025-10-25T14:53:16.956385,0,NORMAL,
cfee9fecda79e2392777efd3c1e570a2530a516c2f680e0ae4b1b176072794ab,0x5B23458B41A008A1043Fe752a53F78a73d07AE61,0x12Dee4ac63a9e388866171908304809F11b89a47,8.4905775e-11,21000,1025001000,2748,61618797,0,0,0,,21000,1,0,1.0,4.043132142857143e-15,1.025001,2025-10-25T14:53:48.689891,0,NORMAL,
08867c0cbca3486f37fcbf38b08ae06b6af7af9cf420c058b15ebfd394b78598,0xFd4504EC55fC861D053bDcA3FBde4Fc30be0b3Cb,0x285e0B88b2758De8ea3a480BAc79aD1E52868a64,6.2924546e-11,21000,1025001000,2701,61618831,0,0,0,,21000,1,0,1.0,2.9964069523809525e-15,1.025001,2025-10-25T14:54:06.632082,0,NORMAL,
b026a52d99c992de18fd723895925a67235e98c537048394468bb90f4be1723d,0x1a57FfADD97d683A68cF6af4b6d2D206DA555Ea0,0x52e52B65901791B70021978F9109249AA203df55,10.0,1000000,1025001000,158439,61618840,0,0,0,,118900,1,0,0.1189,8.410428931875525e-05,1.025001,2025-10-25T14:54:11.733387,0,NORMAL,
164eff4cc670e3831d1ef6a9a9fd69d5dcb32aff4c11c4bd6da6798a71287cbe,0x52e52B65901791B70021978F9109249AA203df55,0xFC00FACE00000000000000000000000000000000,0.0,1000000,1025001000,24,61618849,0,72,1,0962ef7900,266665,1,1,0.266665,0.0,1.025001,2025-10-25T14:54:17.101147,0,NORMAL,
9201b5eb0484ca963336427fe3ce74d06a480c979d353cd278f39bd6e3c5045f,0xDb7C5e83Ecd08a88C66d5d8e9dC808a4a79C3003,0x317138c16C8c0ff682D6467F8480EFd565A11B3D,8.019108e-11,21000,1025001000,2668,61618864,0,0,0,,21000,1,0,1.0,3.818622857142857e-15,1.025001,2025-10-25T14:54:25.671316,0,NORMAL,
c1b472686f34903df4bc792be352bc31519b59995e8b3d93433bd752762d2d6d,0x285e0B88b2758De8ea3a480BAc79aD1E52868a64,0x317138c16C8c0ff682D6467F8480EFd565A11B3D,4.9850427e-11,21000,1025001000,2646,61618896,0,0,0,,21000,1,0,1.0,2.3738298571428572e-15,1.025001,2025-10-25T14:54:43.071239,0,NORMAL,
a6dcd4d1d2cd4d734d0e86aa275d3a3736785b9f2a78e1285143473a270b5b5c,0x0000000000000000000000000000000000000000,0xd100A01E00000000000000000000000000000000,0.0,10000000000,0,374381,61618930,0,1288,1,ebdf104c00,619253,1,1,6.19253e-05,0.0,0,2025-10-25T14:55:01.882085,0,NORMAL,
5c5b8f09dfdfd75653870138eb4a138d39009e36158d32b81d4f3251e493641d,0x0000000000000000000000000000000000000000,0xd100A01E00000000000000000000000000000000,0.0,10000000000,0,374382,61618930,0,328,1,e08d7e6600,251939,1,1,2.51939e-05,0.0,0,2025-10-25T14:55:02.390151,0,NORMAL,
23327151722f8a08937a80928082f5c55d81f15fa9254238badcf8e92e0840c8,0x12Dee4ac63a9e388866171908304809F11b89a47,0xFd4504EC55fC861D053bDcA3FBde4Fc30be0b3Cb,7.3878623e-11,21000,1025001000,2627,61618931,0,0,0,,21000,1,0,1.0,3.5180296666666664e-15,1.025001,2025-10-25T14:55:03.376611,0,NORMAL,
3ce4c45b540ee0e7010154750ba0e02b81d7d15469bddbc9967b6371c9908a79,0x5B23458B41A008A1043Fe752a53F78a73d07AE61,0xFd4504EC55fC861D053bDcA3FBde4Fc30be0b3Cb,2.6761367e-11,21000,1025001000,2749,61618988,0,0,0,,21000,1,0,1.0,1.2743508095238096e-15,1.025001,2025-10-25T14:55:33.504820,0,NORMAL,
d0840a3bfdbb06c12b69292cbfb54f81669a033ca46033a04a6ebfe314b6d06a,0xFd4504EC55fC861D053bDcA3FBde4Fc30be0b3Cb,0xFd4504EC55fC861D053bDcA3FBde4Fc30be0b3Cb,8.8874418e-11,21000,1025001000,2702,61619021,0,0,0,,21000,1,0,1.0,4.232115142857143e-15,1.025001,2025-10-25T14:55:51.331233,0,NORMAL,
9c2c5b2588da97e920d563df2ac273042ca90c5338ab60a385cc63d648d673cd,0xDb7C5e83Ecd08a88C66d5d8e9dC808a4a79C3003,0x5B23458B41A008A1043Fe752a53F78a73d07AE61,2.3767075e-11,21000,1025001000,2669,61619052,0,0,0,,21000,1,0,1.0,1.1317654761904762e-15,1.025001,2025-10-25T14:56:08.096814,0,NORMAL,
048a392e11851c656cbae81db4d590a9a48f1647c80ff33d9cd43619986b04c2,0x285e0B88b2758De8ea3a480BAc79aD1E52868a64,0x12Dee4ac63a9e388866171908304809F11b89a47,8.6522332e-11,21000,1025001000,2647,61619085,0,0,0,,21000,1,0,1.0,4.120111047619048e-15,1.025001,2025-10-25T14:56:25.569461,0,NORMAL,
993434c298e21edab06dc70ec7e00c911744ba8e13b70b0a42c445913d34488b,0x12Dee4ac63a9e388866171908304809F11b89a47,0x12Dee4ac63a9e388866171908304809F11b89a47,5.6841446e-11,21000,1025001000,2628,61619120,0,0,0,,21000,1,0,1.0,2.706735523809524e-15,1.025001,2025-10-25T14:56:44.559045,0,NORMAL,
a02432f4df4846feb1200aef4586d2d6853fa60a562fb1b16d3c05f875fb909e,0x5B23458B41A008A1043Fe752a53F78a73d07AE61,0x12Dee4ac63a9e388866171908304809F11b89a47,2.4640253e-11,21000,1025001000,2750,61619178,0,0,0,,21000,1,0,1.0,1.173345380952381e-15,1.025001,2025-10-25T14:57:15.326232,0,NORMAL,
befa71eda27d4b147c9496cdf2301720e6ce5929e6aea08b5e66c77518aec8c0,0xFd4504EC55fC861D053bDcA3FBde4Fc30be0b3Cb,0x317138c16C8c0ff682D6467F8480EFd565A11B3D,1.1931054e-11,21000,1025001000,2703,61619212,0,0,0,,21000,1,0,1.0,5.681454285714286e-16,1.025001,2025-10-25T14:57:33.334871,0,NORMAL,
044aa68f140d367593f9f2c89a3e7a88ca18d5bddba5f4e1f249c477edb1f8cb,0xDb7C5e83Ecd08a88C66d5d8e9dC808a4a79C3003,0x317138c16C8c0ff682D6467F8480EFd565A11B3D,5.8576599e-11,21000,1025001000,2670,61619242,0,0,0,,21000,1,0,1.0,2.789361857142857e-15,1.025001,2025-10-25T14:57:49.371899,0,NORMAL,
6c0bcf6a30ac46f27aec312df44ead1099a8f2275a21ce22097ed5a6528894c4,0x0000000000000000000000000000000000000000,0xd100A01E00000000000000000000000000000000,0.0,10000000000,0,374383,61619252,0,1288,1,ebdf104c00,616684,1,1,6.16684e-05,0.0,0,2025-10-25T14:57:54.932081,0,NORMAL,
779122a07b0b3ca9fda0b81419bc7ee2241349e335f4077ea1f955345f0f673f,0x0000000000000000000000000000000000000000,0xd100A01E00000000000000000000000000000000,0.0,10000000000,0,374384,61619252,0,328,1,e08d7e6600,251939,1,1,2.51939e-05,0.0,0,2025-10-25T14:57:55.395122,0,NORMAL,
d5583fb4113720b8f696f0b99624a56e07fa65be5e6cddc7e22eef4d10a7e008,0x285e0B88b2758De8ea3a480BAc79aD1E52868a64,0x12Dee4ac63a9e388866171908304809F11b89a47,9.4482149e-11,21000,1025001000,2648,61619275,0,0,0,,21000,1,0,1.0,4.499149952380952e-15,1.025001,2025-10-25T14:58:07.843609,0,NORMAL,
be32812f03e4050afe49325e75f451798538e98e43db6a4dd78152649ec3af6b,0x12Dee4ac63a9e388866171908304809F11b89a47,0xDb7C5e83Ecd08a88C66d5d8e9dC808a4a79C3003,7.0936787e-11,21000,1025001000,2629,61619308,0,0,0,,21000,1,0,1.0,3.3779422380952384e-15,1.025001,2025-10-25T14:58:25.426308,0,NORMAL,
fe5e9daca0c6368d9e692ea3578854f3e97903497ad1a4f1dc9802dc10f96a05,0x5B23458B41A008A1043Fe752a53F78a73d07AE61,0x317138c16C8c0ff682D6467F8480EFd565A11B3D,4.020022e-12,21000,1025001000,2751,61619367,0,0,0,,21000,1,0,1.0,1.9142961904761906e-16,1.025001,2025-10-25T14:58:56.466845,0,NORMAL,
a882b756a406d5042c11a71dc4ca28adb8526b3fccccd24306fd7acb2b86ae5f,0xFd4504EC55fC861D053bDcA3FBde4Fc30be0b3Cb,0x285e0B88b2758De8ea3a480BAc79aD1E52868a64,3.2352417e-11,21000,1025001000,2704,61619403,0,0,0,,21000,1,0,1.0,1.5405912857142858e-15,1.025001,2025-10-25T14:59:15.454593,0,NORMAL,
4a42403b4af8675c2962b9e7d79bb327611988c8c924973c0837061fabfacc82,0xDb7C5e83Ecd08a88C66d5d8e9dC808a4a79C3003,0x12Dee4ac63a9e388866171908304809F11b89a47,3.7884877e-11,21000,1025001000,2671,61619433,0,0,0,,21000,1,0,1.0,1.804041761904762e-15,1.025001,2025-10-25T14:59:31.281155,0,NORMAL,
685458c3016ab4df35cecd761e11134257a058cd2f48fc70895eaba8bd0deb94,0x285e0B88b2758De8ea3a480BAc79aD1E52868a64,0x317138c16C8c0ff682D6467F8480EFd565A11B3D,9.1693749e-11,21000,1025001000,2649,61619466,0,0,0,,21000,1,0,1.0,4.366368999999999e-15,1.025001,2025-10-25T14:59:48.963577,0,NORMAL,
4709bcd62f59a7ee11564f6a5b848b04cb1bca944bd25ea5bf5b0a7e74511a6e,0x12Dee4ac63a9e388866171908304809F11b89a47,0x5B23458B41A008A1043Fe752a53F78a73d07AE61,1.9633912e-11,21000,1025001000,2630,61619500,0,0,0,,21000,1,0,1.0,9.349481904761904e-16,1.025001,2025-10-25T15:00:07.211488,0,NORMAL,
6bf05deb07006c04298aa512ad6190a95b91c4813c3aad464854b24168c927bf,0x5B23458B41A008A1043Fe752a53F78a73d07AE61,0x5B23458B41A008A1043Fe752a53F78a73d07AE61,7.5013272e-11,21000,1025001000,2752,61619561,0,0,0,,21000,1,0,1.0,3.572060571428571e-15,1.025001,2025-10-25T15:00:41.768327,0,NORMAL,
b8ea3dff42a6d01fa7394afbdd47f916f42e718a0540bd6dbab74b96977ed7cd,0x0000000000000000000000000000000000000000,0xd100A01E00000000000000000000000000000000,0.0,10000000000,0,374385,61619573,0,1288,1,ebdf104c00,616684,1,1,6.16684e-05,0.0,0,2025-10-25T15:00:49.143744,0,NORMAL,
1eee3b16e1e9fdd130a1ffeae1d532cafd51c012c88629da59197cb6e22fa459,0x0000000000000000000000000000000000000000,0xd100A01E00000000000000000000000000000000,0.0,10000000000,0,374386,61619573,0,328,1,e08d7e6600,251939,1,1,2.51939e-05,0.0,0,2025-10-25T15:00:49.734864,0,NORMAL,
d0bb90b098e4ae723f1d5537e666f82bee2b9cde74175fef448bab55dcb481c0,0xFd4504EC55fC861D053bDcA3FBde4Fc30be0b3Cb,0xFd4504EC55fC861D053bDcA3FBde4Fc30be0b3Cb,4.9160933e-11,21000,1025001000,2705,61619594,0,0,0,,21000,1,0,1.0,2.3409968095238094e-15,1.025001,2025-10-25T15:01:02.244245,0,NORMAL,
d98c1ae0d016a3d9973907e2a1d5bb5a99cead810ac8f2f0bcf55912afa2fed6,0xDb7C5e83Ecd08a88C66d5d8e9dC808a4a79C3003,0x285e0B88b2758De8ea3a480BAc79aD1E52868a64,9.5649092e-11,21000,1025001000,2672,61619626,0,0,0,,21000,1,0,1.0,4.554718666666667e-15,1.025001,2025-10-25T15:01:21.193254,0,NORMAL,
789cd8926158e9a6841d571bf09af343cb1b9fa2adae80669c88921d48709e5f,0x285e0B88b2758De8ea3a480BAc79aD1E52868a64,0xFd4504EC55fC861D053bDcA3FBde4Fc30be0b3Cb,4.013445e-12,21000,1025001000,2650,61619657,0,0,0,,21000,1,0,1.0,1.9111642857142858e-16,1.025001,2025-10-25T15:01:38.087779,0,NORMAL,
a493edbba85a7b253f20e28384bac6f098d2ff74e3aae1c7ced0ee1a2e64c60b,0x12Dee4ac63a9e388866171908304809F11b89a47,0x285e0B88b2758De8ea3a480BAc79aD1E52868a64,1.595893e-11,21000,1025001000,2631,61619687,0,0,0,,21000,1,0,1.0,7.599490476190475e-16,1.025001,2025-10-25T15:01:54.255959,0,NORMAL,
627e86ab28eae41c6bfcdcffcc2ab099f41a95151511e75906404e76fc5c4f53,0x5B23458B41A008A1043Fe752a53F78a73d07AE61,0x12Dee4ac63a9e388866171908304809F11b89a47,1.7355772e-11,21000,1025001000,2753,61619745,0,0,0,,21000,1,0,1.0,8.264653333333334e-16,1.025001,2025-10-25T15:02:25.043221,0,NORMAL,
7bb2b34d42aad14732f9caa960ca06699773b09e7ea8622c566fe181d417e645,0xFd4504EC55fC861D053bDcA3FBde4Fc30be0b3Cb,0xFd4504EC55fC861D053bDcA3FBde4Fc30be0b3Cb,7.2200383e-11,21000,1025001000,2706,61619779,0,0,0,,21000,1,0,1.0,3.4381134761904762e-15,1.025001,2025-10-25T15:02:43.441378,0,NORMAL,
1bdbb0c8b6932e977cd6ae0516703acb76548d70d9f9c7819a58abd2f5d23afe,0xDb7C5e83Ecd08a88C66d5d8e9dC808a4a79C3003,0x12Dee4ac63a9e388866171908304809F11b89a47,5.867995e-12,21000,1025001000,2673,61619809,0,0,0,,21000,1,0,1.0,2.794283333333333e-16,1.025001,2025-10-25T15:02:59.389434,0,NORMAL,
2fb5beff2f4887de0edfa9a2892cdf058a7195b6a2d47eec962d4f395a1a9c57,0x285e0B88b2758De8ea3a480BAc79aD1E52868a64,0xDb7C5e83Ecd08a88C66d5d8e9dC808a4a79C3003,8.6192007e-11,21000,1025001000,2651,61619842,0,0,0,,21000,1,0,1.0,4.1043812857142856e-15,1.025001,2025-10-25T15:03:17.155777,0,NORMAL,
5a888e1194e7a0d7d0c523a999833f04d4fc9103a6d52f625cd9b9a0c2e617ee,0x12Dee4ac63a9e388866171908304809F11b89a47,0x5B23458B41A008A1043Fe752a53F78a73d07AE61,8.7002057e-11,21000,1025001000,2632,61619873,0,0,0,,21000,1,0,1.0,4.1429550952380954e-15,1.025001,2025-10-25T15:03:34.391040,0,NORMAL,
b99b60b1e3377727b9d284945676175e49344d1d1ecdd53b707b4a90c99eae1d,0x0000000000000000000000000000000000000000,0xd100A01E00000000000000000000000000000000,0.0,10000000000,0,374387,61619894,0,1288,1,ebdf104c00,616684,1,1,6.16684e-05,0.0,0,2025-10-25T15:03:45.795179,0,NORMAL,
4a9e06dc10a41a63a7b6f88de6bcc9c7ce252889b8d8773cc8d2079083859ce5,0x0000000000000000000000000000000000000000,0xd100A01E00000000000000000000000000000000,0.0,10000000000,0,374388,61619894,0,328,1,e08d7e6600,251939,1,1,2.51939e-05,0.0,0,2025-10-25T15:03:46.254112,0,NORMAL,
ba7f36c4e10d2c83695f5f9f5c4c2aafa796dbbaa7c48b48676b9549d3bc827d,0x5B23458B41A008A1043Fe752a53F78a73d07AE61,0x5B23458B41A008A1043Fe752a53F78a73d07AE61,6.7868943e-11,21000,1025001000,2754,61619935,0,0,0,,21000,1,0,1.0,3.2318544285714284e-15,1.025001,2025-10-25T15:04:07.877134,0,NORMAL,
9dec28978720b5a62bb77a5818513af178031b1b4410ff6c124232a6573a4a4c,0xFd4504EC55fC861D053bDcA3FBde4Fc30be0b3Cb,0x5B23458B41A008A1043Fe752a53F78a73d07AE61,8.4905652e-11,21000,1025001000,2707,61619965,0,0,0,,21000,1,0,1.0,4.043126285714286e-15,1.025001,2025-10-25T15:04:24.155074,0,NORMAL,
3994b50d1dc8679e5736c368cf00c0ba24873b769ee4c1151bc68e5e7b4c8fac,0xDb7C5e83Ecd08a88C66d5d8e9dC808a4a79C3003,0x12Dee4ac63a9e388866171908304809F11b89a47,2.2476948e-11,21000,1025001000,2674,61619991,0,0,0,,21000,1,0,1.0,1.070330857142857e-15,1.025001,2025-10-25T15:04:38.065325,0,NORMAL,
ca21425cec1cbfc90521b7c28c4aa9c2745956f3b561f2027fc23a8e511ca3e7,0x285e0B88b2758De8ea3a480BAc79aD1E52868a64,0xDb7C5e83Ecd08a88C66d5d8e9dC808a4a79C3003,5.941303e-12,21000,1025001000,2652,61620022,0,0,0,,21000,1,0,1.0,2.829191904761905e-16,1.025001,2025-10-25T15:04:54.653788,0,NORMAL,
ed3bc183a678c6e9bd6ff518decfd75637e09c1d4d2687d5672648dc38db5b73,0x12Dee4ac63a9e388866171908304809F11b89a47,0x5B23458B41A008A1043Fe752a53F78a73d07AE61,2.6308141e-11,21000,1025001000,2633,61620053,0,0,0,,21000,1,0,1.0,1.252768619047619e-15,1.025001,2025-10-25T15:05:11.280444,0,NORMAL,
e02a1004fdda44d710c095f518a827ac41a3886c5d118e82fb0b8ba3adaea2ed,0x789a60b32e10b054f17075A870C423D9a441276c,0x7908f86cE084eCce133d2666630009BB279C2B44,10.0,1000000,1025001000,158905,61620180,0,0,0,,118900,1,0,0.1189,8.410428931875525e-05,1.025001,2025-10-25T15:06:17.572937,0,NORMAL,
7adb71c0244f6eeb566cbf33850d1d23f51b3249a79572865c0624dd1de1b8d2,0x0000000000000000000000000000000000000000,0xd100A01E00000000000000000000000000000000,0.0,10000000000,0,374389,61620213,0,1288,1,ebdf104c00,619253,1,1,6.19253e-05,0.0,0,2025-10-25T15:06:34.923045,0,NORMAL,
f7770a17b33bfdb5e91de67533842b0ab587fc453eb276700fed059d4209f8a5,0x0000000000000000000000000000000000000000,0xd100A01E00000000000000000000000000000000,0.0,10000000000,0,374390,61620213,0,328,1,e08d7e6600,251939,1,1,2.51939e-05,0.0,0,2025-10-25T15:06:35.375847,0,NORMAL,
853d3babff9664d3cd90929c133ec6652bc7b99d4c453559d1cf08eceeb18fbe,0x0000000000000000000000000000000000000000,0xd100A01E00000000000000000000000000000000,0.0,10000000000,0,374391,61620528,0,1288,1,ebdf104c00,564946,1,1,5.64946e-05,0.0,0,2025-10-25T15:09:19.574965,0,NORMAL,
967fa631e03898f91e28636459b463c8f7f22a816ee4e3b9b5f57ec0ce20b3f5,0x0000000000000000000000000000000000000000,0xd100A01E00000000000000000000000000000000,0.0,10000000000,0,374392,61620528,0,328,1,e08d7e6600,251939,1,1,2.51939e-05,0.0,0,2025-10-25T15:09:20.036190,0,NORMAL,
